page,text
1,Lorem ipsum 
1,"Lorem ipsum dolor sit amet, consectetur adipiscing "
1,elit. Nunc ac faucibus odio. 
1,"Vestibulum neque massa, scelerisque sit amet ligula eu, congue molestie mi. Praesent ut"
1,"varius sem. Nullam at porttitor arcu, nec lacinia nisi. Ut ac dolor vitae odio interdum"
1,"condimentum.   Vivamus  dapibus  sodales  ex,  vitae  malesuada  ipsum  cursus"
1,"convallis. Maecenas sed egestas nulla, ac condimentum orci.   Mauris diam felis,"
1,"vulputate ac suscipit et, iaculis non est. Curabitur semper arcu ac ligula semper, nec luctus"
1,"nisl blandit. Integer lacinia ante ac libero lobortis imperdiet. Nullam mollis convallis ipsum,"
1,ac accumsan nunc vehicula vitae. Nulla eget justo in felis tristique fringilla. Morbi sit amet
1,tortor quis risus auctor condimentum. Morbi in ullamcorper elit. Nulla iaculis tellus sit amet
1,mauris tempus fringilla.
1,"Maecenas mauris lectus, lobortis et purus mattis, blandit dictum tellus."
1,
1,Maecenas non lorem quis tellus placerat varius. 
1,
1,Nulla facilisi. 
1,
1,Aenean congue fringilla justo ut aliquam. 
1,
1,"Mauris id ex erat. Nunc vulputate neque vitae justo facilisis, non condimentum ante"
1,sagittis. 
1,
1,Morbi viverra semper lorem nec molestie. 
1,
1,"Maecenas tincidunt est efficitur ligula euismod, sit amet ornare est vulputate."
1,Row 1
1,Row 2
1,Row 3
1,Row 4
1,0
1,2
1,4
1,6
1,8
1,10
1,12
1,Column 1
1,Column 2
1,Column 3
2,"In non mauris justo. Duis vehicula mi vel mi pretium, a viverra erat efficitur. Cras aliquam"
2,"est ac eros varius, id iaculis dui auctor. Duis pretium neque ligula, et pulvinar mi placerat"
2,et. Nulla nec nunc sit amet nunc posuere vestibulum. Ut id neque eget tortor mattis
2,"tristique. Donec ante est, blandit sit amet tristique vel, lacinia pulvinar arcu. Pellentesque"
2,"scelerisque fermentum erat, id posuere justo pulvinar ut. Cras id eros sed enim aliquam"
2,"lobortis. Sed lobortis nisl ut eros efficitur tincidunt. Cras justo mi, porttitor quis mattis vel,"
2,ultricies ut purus. Ut facilisis et lacus eu cursus.
2,In eleifend velit vitae libero sollicitudin euismod. Fusce vitae vestibulum velit. Pellentesque
2,vulputate lectus quis pellentesque commodo. Aliquam erat volutpat. Vestibulum in egestas
2,velit. Pellentesque fermentum nisl vitae fringilla venenatis. Etiam id mauris vitae orci
2,maximus ultricies. 
2,"Cras fringilla ipsum magna, in fringilla dui commodo "
2,a.
2,Lorem ipsum
2,Lorem ipsum
2,Lorem ipsum
2,1
2,In eleifend velit vitae libero sollicitudin euismod.
2,Lorem
2,2
2,"Cras fringilla ipsum magna, in fringilla dui commodo"
2,a.
2,Ipsum
2,3
2,Aliquam erat volutpat. 
2,Lorem
2,4
2,Fusce vitae vestibulum velit. 
2,Lorem
2,5
2,Etiam vehicula luctus fermentum.
2,Ipsum
2,"Etiam vehicula luctus fermentum. In vel metus congue, pulvinar lectus vel, fermentum dui."
2,"Maecenas ante orci, egestas ut aliquet sit amet, sagittis a magna. Aliquam ante quam,"
2,"pellentesque ut dignissim quis, laoreet eget est. Aliquam erat volutpat. Class aptent taciti"
2,"sociosqu ad litora torquent per conubia nostra, per inceptos himenaeos. Ut ullamcorper"
2,"justo sapien, in cursus libero viverra eget. Vivamus auctor imperdiet urna, at pulvinar leo"
2,"posuere laoreet. Suspendisse neque nisl, fringilla at iaculis scelerisque, ornare vel dolor. Ut"
2,et  pulvinar  nunc.  Pellentesque  fringilla  mollis  efficitur.  Nullam  venenatis  commodo
2,"imperdiet. Morbi velit neque, semper quis lorem quis, efficitur dignissim ipsum. Ut ac lorem"
2,sed turpis imperdiet eleifend sit amet id sapien.
3,"Lorem ipsum dolor sit amet, consectetur adipiscing "
3,elit. 
3,"Nunc ac faucibus odio. Vestibulum neque massa, scelerisque sit amet ligula eu, congue"
3,"molestie mi. Praesent ut varius sem. Nullam at porttitor arcu, nec lacinia nisi. Ut ac dolor"
3,"vitae odio interdum condimentum. Vivamus dapibus sodales ex, vitae malesuada ipsum"
3,"cursus convallis. Maecenas sed egestas nulla, ac condimentum orci. Mauris diam felis,"
3,"vulputate ac suscipit et, iaculis non est. Curabitur semper arcu ac ligula semper, nec luctus"
3,"nisl blandit. Integer lacinia ante ac libero lobortis imperdiet. Nullam mollis convallis ipsum,"
3,ac accumsan nunc vehicula vitae. Nulla eget justo in felis tristique fringilla. Morbi sit amet
3,tortor quis risus auctor condimentum. Morbi in ullamcorper elit. Nulla iaculis tellus sit amet
3,mauris tempus fringilla.
3,"Maecenas mauris lectus, lobortis et purus mattis, blandit "
3,dictum tellus. 
3,Maecenas non lorem quis tellus placerat varius. Nulla facilisi. Aenean congue fringilla justo
3,"ut aliquam. Mauris id ex erat. Nunc vulputate neque vitae justo facilisis, non condimentum"
3,ante sagittis. Morbi viverra semper lorem nec molestie. Maecenas tincidunt est efficitur
3,"ligula euismod, sit amet ornare est vulputate."
3,"In non mauris justo. Duis vehicula mi vel mi pretium, a viverra erat efficitur. Cras aliquam"
3,"est ac eros varius, id iaculis dui auctor. Duis pretium neque ligula, et pulvinar mi placerat"
3,et. Nulla nec nunc sit amet nunc posuere vestibulum. Ut id neque eget tortor mattis
3,"tristique. Donec ante est, blandit sit amet tristique vel, lacinia pulvinar arcu. Pellentesque"
3,"scelerisque fermentum erat, id posuere justo pulvinar ut. Cras id eros sed enim aliquam"
3,"lobortis. Sed lobortis nisl ut eros efficitur tincidunt. Cras justo mi, porttitor quis mattis vel,"
3,ultricies ut purus. Ut facilisis et lacus eu cursus.
3,In eleifend velit vitae libero sollicitudin euismod. 
3,Fusce vitae vestibulum velit. Pellentesque vulputate lectus quis pellentesque commodo.
3,Aliquam  erat volutpat.  Vestibulum  in  egestas  velit. Pellentesque  fermentum nisl  vitae
3,fringilla  venenatis.  Etiam  id  mauris  vitae  orci  maximus  ultricies.  Cras  fringilla  ipsum
3,"magna, in fringilla dui commodo a."
3,"Etiam vehicula luctus fermentum. In vel metus congue, pulvinar lectus vel, fermentum dui."
3,"Maecenas ante orci, egestas ut aliquet sit amet, sagittis a magna. Aliquam ante quam,"
3,"pellentesque ut dignissim quis, laoreet eget est. Aliquam erat volutpat. Class aptent taciti"
3,"sociosqu ad litora torquent per conubia nostra, per inceptos himenaeos. Ut ullamcorper"
3,"justo sapien, in cursus libero viverra eget. Vivamus auctor imperdiet urna, at pulvinar leo"
3,"posuere laoreet. Suspendisse neque nisl, fringilla at iaculis scelerisque, ornare vel dolor. Ut"
3,et  pulvinar  nunc.  Pellentesque  fringilla  mollis  efficitur.  Nullam  venenatis  commodo
3,"imperdiet. Morbi velit neque, semper quis lorem quis, efficitur dignissim ipsum. Ut ac lorem"
3,sed turpis imperdiet eleifend sit amet id sapien.
4,"Maecenas mauris lectus, lobortis et purus mattis, blandit "
4,dictum tellus. 
4,Maecenas non lorem quis tellus placerat varius. Nulla facilisi. Aenean congue fringilla justo
4,"ut aliquam. Mauris id ex erat. Nunc vulputate neque vitae justo facilisis, non condimentum"
4,ante sagittis. Morbi viverra semper lorem nec molestie. Maecenas tincidunt est efficitur
4,"ligula euismod, sit amet ornare est vulputate."
4,"In non mauris justo. Duis vehicula mi vel mi pretium, a viverra erat efficitur. Cras aliquam"
4,"est ac eros varius, id iaculis dui auctor. Duis pretium neque ligula, et pulvinar mi placerat"
4,et. Nulla nec nunc sit amet nunc posuere vestibulum. Ut id neque eget tortor mattis
4,"tristique. Donec ante est, blandit sit amet tristique vel, lacinia pulvinar arcu. Pellentesque"
4,"scelerisque fermentum erat, id posuere justo pulvinar ut. Cras id eros sed enim aliquam"
4,"lobortis. Sed lobortis nisl ut eros efficitur tincidunt. Cras justo mi, porttitor quis mattis vel,"
4,ultricies ut purus. Ut facilisis et lacus eu cursus.
4,In eleifend velit vitae libero sollicitudin euismod. 
4,Fusce vitae vestibulum velit. Pellentesque vulputate lectus quis pellentesque commodo.
4,Aliquam  erat volutpat.  Vestibulum  in  egestas  velit. Pellentesque  fermentum nisl  vitae
4,fringilla  venenatis.  Etiam  id  mauris  vitae  orci  maximus  ultricies.  Cras  fringilla  ipsum
4,"magna, in fringilla dui commodo a."
5,"Etiam vehicula luctus fermentum. In vel metus congue, pulvinar lectus vel, fermentum dui."
5,"Maecenas ante orci, egestas ut aliquet sit amet, sagittis a magna. Aliquam ante quam,"
5,"pellentesque ut dignissim quis, laoreet eget est. Aliquam erat volutpat. Class aptent taciti"
5,"sociosqu ad litora torquent per conubia nosatra, per inceptos himenaeos. Ut ullamcorper"
5,"justo sapien, in cursus libero viverra eget. Vivamus auctor imperdiet urna, at pulvinar leo"
5,"posuere laoreet. Suspendisse neque nisl, fringilla at iaculis scelerisque, ornare vel dolor. Ut"
5,et  pulvinar  nunc.  Pellentesque  fringilla  mollis  efficitur.  Nullam  venenatis  commodo
5,"imperdiet. Morbi velit neque, semper quis lorem quis, efficitur dignissim ipsum. Ut ac lorem"
5,sed turpis imperdiet eleifend sit amet id sapien.
6,Lorem ipsum 
6,"Lorem ipsum dolor sit amet, consectetur adipiscing "
6,elit. Nunc ac faucibus odio. 
6,"Vestibulum neque massa, scelerisque sit amet ligula eu, congue molestie mi. Praesent ut"
6,"varius sem. Nullam at porttitor arcu, nec lacinia nisi. Ut ac"
6,dolor  vitae  odio  interdum  condimentum.   Vivamus
6,"dapibus sodales ex, vitae malesuada ipsum cursus"
6,"convallis.  Maecenas  sed  egestas  nulla,  ac"
6,"condimentum  orci.   Mauris  diam  felis,  vulputate  ac"
6,"suscipit  et,  iaculis  non  est.  Curabitur  semper  arcu  ac"
6,"ligula semper, nec luctus nisl blandit. Integer lacinia ante"
6,ac  libero  lobortis  imperdiet.  Nullam  mollis  convallis
6,"ipsum, ac accumsan nunc vehicula vitae. Nulla eget justo"
6,in felis tristique fringilla. Morbi sit amet tortor quis risus auctor condimentum. Morbi in
6,ullamcorper elit. Nulla iaculis tellus sit amet mauris tempus fringilla.
6,"Maecenas mauris lectus, lobortis et purus mattis, blandit dictum tellus."
6,
6,Maecenas non lorem quis tellus placerat varius. 
6,
6,Nulla facilisi. 
6,
6,Aenean congue fringilla justo ut aliquam. 
6,
6,"Mauris id ex erat. Nunc vulputate neque vitae justo facilisis, non condimentum ante"
6,sagittis. 
6,
6,Morbi viverra semper lorem nec molestie. 
6,
6,"Maecenas tincidunt est efficitur ligula euismod, sit amet ornare est vulputate."
6,Row 1
6,Row 2
6,Row 3
6,Row 4
6,0
6,2
6,4
6,6
6,8
6,10
6,12
6,Column 1
6,Column 2
6,Column 3
7,"In non mauris justo. Duis vehicula mi vel mi pretium, a viverra erat efficitur. Cras aliquam"
7,"est ac eros varius, id iaculis dui auctor. Duis pretium neque ligula, et pulvinar mi placerat"
7,et. Nulla nec nunc sit amet nunc posuere vestibulum. Ut id neque eget tortor mattis
7,"tristique. Donec ante est, blandit sit amet tristique vel, lacinia pulvinar arcu. Pellentesque"
7,"scelerisque fermentum erat, id posuere justo pulvinar ut. Cras id eros sed enim aliquam"
7,"lobortis. Sed lobortis nisl ut eros efficitur tincidunt. Cras justo mi, porttitor quis mattis vel,"
7,ultricies ut purus. Ut facilisis et lacus eu cursus.
7,In eleifend velit vitae libero sollicitudin euismod. Fusce vitae vestibulum velit. Pellentesque
7,vulputate lectus quis pellentesque commodo. Aliquam erat volutpat. Vestibulum in egestas
7,velit. Pellentesque fermentum nisl vitae fringilla venenatis. Etiam id mauris vitae orci
7,maximus ultricies. 
7,"Cras fringilla ipsum magna, in fringilla dui commodo "
7,a.
7,Lorem ipsum
7,Lorem ipsum
7,Lorem ipsum
7,1
7,In eleifend velit vitae libero sollicitudin euismod.
7,Lorem
7,2
7,"Cras fringilla ipsum magna, in fringilla dui commodo"
7,a.
7,Ipsum
7,3
7,Aliquam erat volutpat. 
7,Lorem
7,4
7,Fusce vitae vestibulum velit. 
7,Lorem
7,5
7,Etiam vehicula luctus fermentum.
7,Ipsum
7,"Etiam vehicula luctus fermentum. In vel metus congue, pulvinar lectus vel, fermentum dui."
7,"Maecenas ante orci, egestas ut aliquet sit amet, sagittis a magna. Aliquam ante quam,"
7,"pellentesque ut dignissim quis, laoreet eget est. Aliquam erat volutpat. Class aptent taciti"
7,"sociosqu ad litora torquent per conubia nostra, per inceptos himenaeos. Ut ullamcorper"
7,"justo sapien, in cursus libero viverra eget. Vivamus auctor imperdiet urna, at pulvinar leo"
7,"posuere laoreet. Suspendisse neque nisl, fringilla at iaculis scelerisque, ornare vel dolor. Ut"
7,et  pulvinar  nunc.  Pellentesque  fringilla  mollis  efficitur.  Nullam  venenatis  commodo
7,"imperdiet. Morbi velit neque, semper quis lorem quis, efficitur dignissim ipsum. Ut ac lorem"
7,sed turpis imperdiet eleifend sit amet id sapien.
8,"Lorem ipsum dolor sit amet, consectetur adipiscing "
8,elit. 
8,"Nunc ac faucibus odio. Vestibulum neque massa, scelerisque sit amet ligula eu, congue"
8,"molestie mi. Praesent ut varius sem. Nullam at porttitor arcu, nec lacinia nisi. Ut ac dolor"
8,"vitae odio interdum condimentum. Vivamus dapibus sodales ex, vitae malesuada ipsum"
8,"cursus convallis. Maecenas sed egestas nulla, ac condimentum orci. Mauris diam felis,"
8,"vulputate ac suscipit et, iaculis non est. Curabitur semper arcu ac ligula semper, nec luctus"
8,"nisl blandit. Integer lacinia ante ac libero lobortis imperdiet. Nullam mollis convallis ipsum,"
8,ac accumsan nunc vehicula vitae. Nulla eget justo in felis tristique fringilla. Morbi sit amet
8,tortor quis risus auctor condimentum. Morbi in ullamcorper elit. Nulla iaculis tellus sit amet
8,mauris tempus fringilla.
8,"Maecenas mauris lectus, lobortis et purus mattis, blandit "
8,dictum tellus. 
8,Maecenas non lorem quis tellus placerat varius. Nulla facilisi. Aenean congue fringilla justo
8,"ut aliquam. Mauris id ex erat. Nunc vulputate neque vitae justo facilisis, non condimentum"
8,ante sagittis. Morbi viverra semper lorem nec molestie. Maecenas tincidunt est efficitur
8,"ligula euismod, sit amet ornare est vulputate."
8,"In non mauris justo. Duis vehicula mi vel mi pretium, a viverra erat efficitur. Cras aliquam"
8,"est ac eros varius, id iaculis dui auctor. Duis pretium neque ligula, et pulvinar mi placerat"
8,et. Nulla nec nunc sit amet nunc posuere vestibulum. Ut id neque eget tortor mattis
8,"tristique. Donec ante est, blandit sit amet tristique vel, lacinia pulvinar arcu. Pellentesque"
8,"scelerisque fermentum erat, id posuere justo pulvinar ut. Cras id eros sed enim aliquam"
8,"lobortis. Sed lobortis nisl ut eros efficitur tincidunt. Cras justo mi, porttitor quis mattis vel,"
8,ultricies ut purus. Ut facilisis et lacus eu cursus.
8,In eleifend velit vitae libero sollicitudin euismod. 
8,Fusce vitae vestibulum velit. Pellentesque vulputate lectus quis pellentesque commodo.
8,Aliquam  erat volutpat.  Vestibulum  in  egestas  velit. Pellentesque  fermentum nisl  vitae
8,fringilla  venenatis.  Etiam  id  mauris  vitae  orci  maximus  ultricies.  Cras  fringilla  ipsum
8,"magna, in fringilla dui commodo a."
8,"Etiam vehicula luctus fermentum. In vel metus congue, pulvinar lectus vel, fermentum dui."
8,"Maecenas ante orci, egestas ut aliquet sit amet, sagittis a magna. Aliquam ante quam,"
8,"pellentesque ut dignissim quis, laoreet eget est. Aliquam erat volutpat. Class aptent taciti"
8,"sociosqu ad litora torquent per conubia nostra, per inceptos himenaeos. Ut ullamcorper"
8,"justo sapien, in cursus libero viverra eget. Vivamus auctor imperdiet urna, at pulvinar leo"
8,"posuere laoreet. Suspendisse neque nisl, fringilla at iaculis scelerisque, ornare vel dolor. Ut"
8,et  pulvinar  nunc.  Pellentesque  fringilla  mollis  efficitur.  Nullam  venenatis  commodo
8,"imperdiet. Morbi velit neque, semper quis lorem quis, efficitur dignissim ipsum. Ut ac lorem"
8,sed turpis imperdiet eleifend sit amet id sapien.
9,"Maecenas mauris lectus, lobortis et purus mattis, blandit "
9,dictum tellus. 
9,Maecenas non lorem quis tellus placerat varius. Nulla facilisi. Aenean congue fringilla justo
9,"ut aliquam. Mauris id ex erat. Nunc vulputate neque vitae justo facilisis, non condimentum"
9,ante sagittis. Morbi viverra semper lorem nec molestie. Maecenas tincidunt est efficitur
9,"ligula euismod, sit amet ornare est vulputate."
9,"In non mauris justo. Duis vehicula mi vel mi pretium, a viverra erat efficitur. Cras aliquam"
9,"est ac eros varius, id iaculis dui auctor. Duis pretium neque ligula, et pulvinar mi placerat"
9,et. Nulla nec nunc sit amet nunc posuere vestibulum. Ut id neque eget tortor mattis
9,"tristique. Donec ante est, blandit sit amet tristique vel, lacinia pulvinar arcu. Pellentesque"
9,"scelerisque fermentum erat, id posuere justo pulvinar ut. Cras id eros sed enim aliquam"
9,"lobortis. Sed lobortis nisl ut eros efficitur tincidunt. Cras justo mi, porttitor quis mattis vel,"
9,ultricies ut purus. Ut facilisis et lacus eu cursus.
9,In eleifend velit vitae libero sollicitudin euismod. 
9,Fusce vitae vestibulum velit. Pellentesque vulputate lectus quis pellentesque commodo.
9,Aliquam  erat volutpat.  Vestibulum  in  egestas  velit. Pellentesque  fermentum nisl  vitae
9,fringilla  venenatis.  Etiam  id  mauris  vitae  orci  maximus  ultricies.  Cras  fringilla  ipsum
9,"magna, in fringilla dui commodo a."
10,"Etiam vehicula luctus fermentum. In vel metus congue, pulvinar lectus vel, fermentum dui."
10,"Maecenas ante orci, egestas ut aliquet sit amet, sagittis a magna. Aliquam ante quam,"
10,"pellentesque ut dignissim quis, laoreet eget est. Aliquam erat volutpat. Class aptent taciti"
10,"sociosqu ad litora torquent per conubia nosatra, per inceptos himenaeos. Ut ullamcorper"
10,"justo sapien, in cursus libero viverra eget. Vivamus auctor imperdiet urna, at pulvinar leo"
10,"posuere laoreet. Suspendisse neque nisl, fringilla at iaculis scelerisque, ornare vel dolor. Ut"
10,et  pulvinar  nunc.  Pellentesque  fringilla  mollis  efficitur.  Nullam  venenatis  commodo
10,"imperdiet. Morbi velit neque, semper quis lorem quis, efficitur dignissim ipsum. Ut ac lorem"
10,sed turpis imperdiet eleifend sit amet id sapien.
11,Lorem ipsum 
11,"Lorem ipsum dolor sit amet, consectetur adipiscing "
11,elit. Nunc ac faucibus odio. 
11,"Vestibulum neque massa, scelerisque sit amet ligula eu, congue molestie mi. Praesent ut"
11,"varius sem. Nullam at porttitor arcu, nec lacinia nisi. Ut ac dolor vitae odio interdum"
11,"condimentum.   Vivamus  dapibus  sodales  ex,  vitae  malesuada  ipsum  cursus"
11,"convallis. Maecenas sed egestas nulla, ac condimentum orci.   Mauris diam felis,"
11,"vulputate ac suscipit et, iaculis non est. Curabitur semper arcu ac ligula semper, nec luctus"
11,"nisl blandit. Integer lacinia ante ac libero lobortis imperdiet. Nullam mollis convallis ipsum,"
11,ac accumsan nunc vehicula vitae. Nulla eget justo in felis tristique fringilla. Morbi sit amet
11,tortor quis risus auctor condimentum. Morbi in ullamcorper elit. Nulla iaculis tellus sit amet
11,mauris tempus fringilla.
11,"Maecenas mauris lectus, lobortis et purus mattis, blandit dictum tellus."
11,
11,Maecenas non lorem quis tellus placerat varius. 
11,
11,Nulla facilisi. 
11,
11,Aenean congue fringilla justo ut aliquam. 
11,
11,"Mauris id ex erat. Nunc vulputate neque vitae justo facilisis, non condimentum ante"
11,sagittis. 
11,
11,Morbi viverra semper lorem nec molestie. 
11,
11,"Maecenas tincidunt est efficitur ligula euismod, sit amet ornare est vulputate."
11,Row 1
11,Row 2
11,Row 3
11,Row 4
11,0
11,2
11,4
11,6
11,8
11,10
11,12
11,Column 1
11,Column 2
11,Column 3
12,"In non mauris justo. Duis vehicula mi vel mi pretium, a viverra erat efficitur. Cras aliquam"
12,"est ac eros varius, id iaculis dui auctor. Duis pretium neque ligula, et pulvinar mi placerat"
12,et. Nulla nec nunc sit amet nunc posuere vestibulum. Ut id neque eget tortor mattis
12,"tristique. Donec ante est, blandit sit amet tristique vel, lacinia pulvinar arcu. Pellentesque"
12,"scelerisque fermentum erat, id posuere justo pulvinar ut. Cras id eros sed enim aliquam"
12,"lobortis. Sed lobortis nisl ut eros efficitur tincidunt. Cras justo mi, porttitor quis mattis vel,"
12,ultricies ut purus. Ut facilisis et lacus eu cursus.
12,In eleifend velit vitae libero sollicitudin euismod. Fusce vitae vestibulum velit. Pellentesque
12,vulputate lectus quis pellentesque commodo. Aliquam erat volutpat. Vestibulum in egestas
12,velit. Pellentesque fermentum nisl vitae fringilla venenatis. Etiam id mauris vitae orci
12,maximus ultricies. 
12,"Cras fringilla ipsum magna, in fringilla dui commodo "
12,a.
12,Lorem ipsum
12,Lorem ipsum
12,Lorem ipsum
12,1
12,In eleifend velit vitae libero sollicitudin euismod.
12,Lorem
12,2
12,"Cras fringilla ipsum magna, in fringilla dui commodo"
12,a.
12,Ipsum
12,3
12,Aliquam erat volutpat. 
12,Lorem
12,4
12,Fusce vitae vestibulum velit. 
12,Lorem
12,5
12,Etiam vehicula luctus fermentum.
12,Ipsum
12,"Etiam vehicula luctus fermentum. In vel metus congue, pulvinar lectus vel, fermentum dui."
12,"Maecenas ante orci, egestas ut aliquet sit amet, sagittis a magna. Aliquam ante quam,"
12,"pellentesque ut dignissim quis, laoreet eget est. Aliquam erat volutpat. Class aptent taciti"
12,"sociosqu ad litora torquent per conubia nostra, per inceptos himenaeos. Ut ullamcorper"
12,"justo sapien, in cursus libero viverra eget. Vivamus auctor imperdiet urna, at pulvinar leo"
12,"posuere laoreet. Suspendisse neque nisl, fringilla at iaculis scelerisque, ornare vel dolor. Ut"
12,et  pulvinar  nunc.  Pellentesque  fringilla  mollis  efficitur.  Nullam  venenatis  commodo
12,"imperdiet. Morbi velit neque, semper quis lorem quis, efficitur dignissim ipsum. Ut ac lorem"
12,sed turpis imperdiet eleifend sit amet id sapien.
13,"Lorem ipsum dolor sit amet, consectetur adipiscing "
13,elit. 
13,"Nunc ac faucibus odio. Vestibulum neque massa, scelerisque sit amet ligula eu, congue"
13,"molestie mi. Praesent ut varius sem. Nullam at porttitor arcu, nec lacinia nisi. Ut ac dolor"
13,"vitae odio interdum condimentum. Vivamus dapibus sodales ex, vitae malesuada ipsum"
13,"cursus convallis. Maecenas sed egestas nulla, ac condimentum orci. Mauris diam felis,"
13,"vulputate ac suscipit et, iaculis non est. Curabitur semper arcu ac ligula semper, nec luctus"
13,"nisl blandit. Integer lacinia ante ac libero lobortis imperdiet. Nullam mollis convallis ipsum,"
13,ac accumsan nunc vehicula vitae. Nulla eget justo in felis tristique fringilla. Morbi sit amet
13,tortor quis risus auctor condimentum. Morbi in ullamcorper elit. Nulla iaculis tellus sit amet
13,mauris tempus fringilla.
13,"Maecenas mauris lectus, lobortis et purus mattis, blandit "
13,dictum tellus. 
13,Maecenas non lorem quis tellus placerat varius. Nulla facilisi. Aenean congue fringilla justo
13,"ut aliquam. Mauris id ex erat. Nunc vulputate neque vitae justo facilisis, non condimentum"
13,ante sagittis. Morbi viverra semper lorem nec molestie. Maecenas tincidunt est efficitur
13,"ligula euismod, sit amet ornare est vulputate."
13,"In non mauris justo. Duis vehicula mi vel mi pretium, a viverra erat efficitur. Cras aliquam"
13,"est ac eros varius, id iaculis dui auctor. Duis pretium neque ligula, et pulvinar mi placerat"
13,et. Nulla nec nunc sit amet nunc posuere vestibulum. Ut id neque eget tortor mattis
13,"tristique. Donec ante est, blandit sit amet tristique vel, lacinia pulvinar arcu. Pellentesque"
13,"scelerisque fermentum erat, id posuere justo pulvinar ut. Cras id eros sed enim aliquam"
13,"lobortis. Sed lobortis nisl ut eros efficitur tincidunt. Cras justo mi, porttitor quis mattis vel,"
13,ultricies ut purus. Ut facilisis et lacus eu cursus.
13,In eleifend velit vitae libero sollicitudin euismod. 
13,Fusce vitae vestibulum velit. Pellentesque vulputate lectus quis pellentesque commodo.
13,Aliquam  erat volutpat.  Vestibulum  in  egestas  velit. Pellentesque  fermentum nisl  vitae
13,fringilla  venenatis.  Etiam  id  mauris  vitae  orci  maximus  ultricies.  Cras  fringilla  ipsum
13,"magna, in fringilla dui commodo a."
13,"Etiam vehicula luctus fermentum. In vel metus congue, pulvinar lectus vel, fermentum dui."
13,"Maecenas ante orci, egestas ut aliquet sit amet, sagittis a magna. Aliquam ante quam,"
13,"pellentesque ut dignissim quis, laoreet eget est. Aliquam erat volutpat. Class aptent taciti"
13,"sociosqu ad litora torquent per conubia nostra, per inceptos himenaeos. Ut ullamcorper"
13,"justo sapien, in cursus libero viverra eget. Vivamus auctor imperdiet urna, at pulvinar leo"
13,"posuere laoreet. Suspendisse neque nisl, fringilla at iaculis scelerisque, ornare vel dolor. Ut"
13,et  pulvinar  nunc.  Pellentesque  fringilla  mollis  efficitur.  Nullam  venenatis  commodo
13,"imperdiet. Morbi velit neque, semper quis lorem quis, efficitur dignissim ipsum. Ut ac lorem"
13,sed turpis imperdiet eleifend sit amet id sapien.
14,"Maecenas mauris lectus, lobortis et purus mattis, blandit "
14,dictum tellus. 
14,Maecenas non lorem quis tellus placerat varius. Nulla facilisi. Aenean congue fringilla justo
14,"ut aliquam. Mauris id ex erat. Nunc vulputate neque vitae justo facilisis, non condimentum"
14,ante sagittis. Morbi viverra semper lorem nec molestie. Maecenas tincidunt est efficitur
14,"ligula euismod, sit amet ornare est vulputate."
14,"In non mauris justo. Duis vehicula mi vel mi pretium, a viverra erat efficitur. Cras aliquam"
14,"est ac eros varius, id iaculis dui auctor. Duis pretium neque ligula, et pulvinar mi placerat"
14,et. Nulla nec nunc sit amet nunc posuere vestibulum. Ut id neque eget tortor mattis
14,"tristique. Donec ante est, blandit sit amet tristique vel, lacinia pulvinar arcu. Pellentesque"
14,"scelerisque fermentum erat, id posuere justo pulvinar ut. Cras id eros sed enim aliquam"
14,"lobortis. Sed lobortis nisl ut eros efficitur tincidunt. Cras justo mi, porttitor quis mattis vel,"
14,ultricies ut purus. Ut facilisis et lacus eu cursus.
14,In eleifend velit vitae libero sollicitudin euismod. 
14,Fusce vitae vestibulum velit. Pellentesque vulputate lectus quis pellentesque commodo.
14,Aliquam  erat volutpat.  Vestibulum  in  egestas  velit. Pellentesque  fermentum nisl  vitae
14,fringilla  venenatis.  Etiam  id  mauris  vitae  orci  maximus  ultricies.  Cras  fringilla  ipsum
14,"magna, in fringilla dui commodo a."
15,"Etiam vehicula luctus fermentum. In vel metus congue, pulvinar lectus vel, fermentum dui."
15,"Maecenas ante orci, egestas ut aliquet sit amet, sagittis a magna. Aliquam ante quam,"
15,"pellentesque ut dignissim quis, laoreet eget est. Aliquam erat volutpat. Class aptent taciti"
15,"sociosqu ad litora torquent per conubia nosatra, per inceptos himenaeos. Ut ullamcorper"
15,"justo sapien, in cursus libero viverra eget. Vivamus auctor imperdiet urna, at pulvinar leo"
15,"posuere laoreet. Suspendisse neque nisl, fringilla at iaculis scelerisque, ornare vel dolor. Ut"
15,et  pulvinar  nunc.  Pellentesque  fringilla  mollis  efficitur.  Nullam  venenatis  commodo
15,"imperdiet. Morbi velit neque, semper quis lorem quis, efficitur dignissim ipsum. Ut ac lorem"
15,sed turpis imperdiet eleifend sit amet id sapien.
16,Lorem ipsum 
16,"Lorem ipsum dolor sit amet, consectetur adipiscing "
16,elit. Nunc ac faucibus odio. 
16,"Vestibulum neque massa, scelerisque sit amet ligula eu, congue molestie mi. Praesent ut"
16,"varius sem. Nullam at porttitor arcu, nec lacinia nisi. Ut ac"
16,dolor  vitae  odio  interdum  condimentum.   Vivamus
16,"dapibus sodales ex, vitae malesuada ipsum cursus"
16,"convallis.  Maecenas  sed  egestas  nulla,  ac"
16,"condimentum  orci.   Mauris  diam  felis,  vulputate  ac"
16,"suscipit  et,  iaculis  non  est.  Curabitur  semper  arcu  ac"
16,"ligula semper, nec luctus nisl blandit. Integer lacinia ante"
16,ac  libero  lobortis  imperdiet.  Nullam  mollis  convallis
16,"ipsum, ac accumsan nunc vehicula vitae. Nulla eget justo"
16,in felis tristique fringilla. Morbi sit amet tortor quis risus auctor condimentum. Morbi in
16,ullamcorper elit. Nulla iaculis tellus sit amet mauris tempus fringilla.
16,"Maecenas mauris lectus, lobortis et purus mattis, blandit dictum tellus."
16,
16,Maecenas non lorem quis tellus placerat varius. 
16,
16,Nulla facilisi. 
16,
16,Aenean congue fringilla justo ut aliquam. 
16,
16,"Mauris id ex erat. Nunc vulputate neque vitae justo facilisis, non condimentum ante"
16,sagittis. 
16,
16,Morbi viverra semper lorem nec molestie. 
16,
16,"Maecenas tincidunt est efficitur ligula euismod, sit amet ornare est vulputate."
16,Row 1
16,Row 2
16,Row 3
16,Row 4
16,0
16,2
16,4
16,6
16,8
16,10
16,12
16,Column 1
16,Column 2
16,Column 3
17,"In non mauris justo. Duis vehicula mi vel mi pretium, a viverra erat efficitur. Cras aliquam"
17,"est ac eros varius, id iaculis dui auctor. Duis pretium neque ligula, et pulvinar mi placerat"
17,et. Nulla nec nunc sit amet nunc posuere vestibulum. Ut id neque eget tortor mattis
17,"tristique. Donec ante est, blandit sit amet tristique vel, lacinia pulvinar arcu. Pellentesque"
17,"scelerisque fermentum erat, id posuere justo pulvinar ut. Cras id eros sed enim aliquam"
17,"lobortis. Sed lobortis nisl ut eros efficitur tincidunt. Cras justo mi, porttitor quis mattis vel,"
17,ultricies ut purus. Ut facilisis et lacus eu cursus.
17,In eleifend velit vitae libero sollicitudin euismod. Fusce vitae vestibulum velit. Pellentesque
17,vulputate lectus quis pellentesque commodo. Aliquam erat volutpat. Vestibulum in egestas
17,velit. Pellentesque fermentum nisl vitae fringilla venenatis. Etiam id mauris vitae orci
17,maximus ultricies. 
17,"Cras fringilla ipsum magna, in fringilla dui commodo "
17,a.
17,Lorem ipsum
17,Lorem ipsum
17,Lorem ipsum
17,1
17,In eleifend velit vitae libero sollicitudin euismod.
17,Lorem
17,2
17,"Cras fringilla ipsum magna, in fringilla dui commodo"
17,a.
17,Ipsum
17,3
17,Aliquam erat volutpat. 
17,Lorem
17,4
17,Fusce vitae vestibulum velit. 
17,Lorem
17,5
17,Etiam vehicula luctus fermentum.
17,Ipsum
17,"Etiam vehicula luctus fermentum. In vel metus congue, pulvinar lectus vel, fermentum dui."
17,"Maecenas ante orci, egestas ut aliquet sit amet, sagittis a magna. Aliquam ante quam,"
17,"pellentesque ut dignissim quis, laoreet eget est. Aliquam erat volutpat. Class aptent taciti"
17,"sociosqu ad litora torquent per conubia nostra, per inceptos himenaeos. Ut ullamcorper"
17,"justo sapien, in cursus libero viverra eget. Vivamus auctor imperdiet urna, at pulvinar leo"
17,"posuere laoreet. Suspendisse neque nisl, fringilla at iaculis scelerisque, ornare vel dolor. Ut"
17,et  pulvinar  nunc.  Pellentesque  fringilla  mollis  efficitur.  Nullam  venenatis  commodo
17,"imperdiet. Morbi velit neque, semper quis lorem quis, efficitur dignissim ipsum. Ut ac lorem"
17,sed turpis imperdiet eleifend sit amet id sapien.
18,"Lorem ipsum dolor sit amet, consectetur adipiscing "
18,elit. 
18,"Nunc ac faucibus odio. Vestibulum neque massa, scelerisque sit amet ligula eu, congue"
18,"molestie mi. Praesent ut varius sem. Nullam at porttitor arcu, nec lacinia nisi. Ut ac dolor"
18,"vitae odio interdum condimentum. Vivamus dapibus sodales ex, vitae malesuada ipsum"
18,"cursus convallis. Maecenas sed egestas nulla, ac condimentum orci. Mauris diam felis,"
18,"vulputate ac suscipit et, iaculis non est. Curabitur semper arcu ac ligula semper, nec luctus"
18,"nisl blandit. Integer lacinia ante ac libero lobortis imperdiet. Nullam mollis convallis ipsum,"
18,ac accumsan nunc vehicula vitae. Nulla eget justo in felis tristique fringilla. Morbi sit amet
18,tortor quis risus auctor condimentum. Morbi in ullamcorper elit. Nulla iaculis tellus sit amet
18,mauris tempus fringilla.
18,"Maecenas mauris lectus, lobortis et purus mattis, blandit "
18,dictum tellus. 
18,Maecenas non lorem quis tellus placerat varius. Nulla facilisi. Aenean congue fringilla justo
18,"ut aliquam. Mauris id ex erat. Nunc vulputate neque vitae justo facilisis, non condimentum"
18,ante sagittis. Morbi viverra semper lorem nec molestie. Maecenas tincidunt est efficitur
18,"ligula euismod, sit amet ornare est vulputate."
18,"In non mauris justo. Duis vehicula mi vel mi pretium, a viverra erat efficitur. Cras aliquam"
18,"est ac eros varius, id iaculis dui auctor. Duis pretium neque ligula, et pulvinar mi placerat"
18,et. Nulla nec nunc sit amet nunc posuere vestibulum. Ut id neque eget tortor mattis
18,"tristique. Donec ante est, blandit sit amet tristique vel, lacinia pulvinar arcu. Pellentesque"
18,"scelerisque fermentum erat, id posuere justo pulvinar ut. Cras id eros sed enim aliquam"
18,"lobortis. Sed lobortis nisl ut eros efficitur tincidunt. Cras justo mi, porttitor quis mattis vel,"
18,ultricies ut purus. Ut facilisis et lacus eu cursus.
18,In eleifend velit vitae libero sollicitudin euismod. 
18,Fusce vitae vestibulum velit. Pellentesque vulputate lectus quis pellentesque commodo.
18,Aliquam  erat volutpat.  Vestibulum  in  egestas  velit. Pellentesque  fermentum nisl  vitae
18,fringilla  venenatis.  Etiam  id  mauris  vitae  orci  maximus  ultricies.  Cras  fringilla  ipsum
18,"magna, in fringilla dui commodo a."
18,"Etiam vehicula luctus fermentum. In vel metus congue, pulvinar lectus vel, fermentum dui."
18,"Maecenas ante orci, egestas ut aliquet sit amet, sagittis a magna. Aliquam ante quam,"
18,"pellentesque ut dignissim quis, laoreet eget est. Aliquam erat volutpat. Class aptent taciti"
18,"sociosqu ad litora torquent per conubia nostra, per inceptos himenaeos. Ut ullamcorper"
18,"justo sapien, in cursus libero viverra eget. Vivamus auctor imperdiet urna, at pulvinar leo"
18,"posuere laoreet. Suspendisse neque nisl, fringilla at iaculis scelerisque, ornare vel dolor. Ut"
18,et  pulvinar  nunc.  Pellentesque  fringilla  mollis  efficitur.  Nullam  venenatis  commodo
18,"imperdiet. Morbi velit neque, semper quis lorem quis, efficitur dignissim ipsum. Ut ac lorem"
18,sed turpis imperdiet eleifend sit amet id sapien.
19,"Maecenas mauris lectus, lobortis et purus mattis, blandit "
19,dictum tellus. 
19,Maecenas non lorem quis tellus placerat varius. Nulla facilisi. Aenean congue fringilla justo
19,"ut aliquam. Mauris id ex erat. Nunc vulputate neque vitae justo facilisis, non condimentum"
19,ante sagittis. Morbi viverra semper lorem nec molestie. Maecenas tincidunt est efficitur
19,"ligula euismod, sit amet ornare est vulputate."
19,"In non mauris justo. Duis vehicula mi vel mi pretium, a viverra erat efficitur. Cras aliquam"
19,"est ac eros varius, id iaculis dui auctor. Duis pretium neque ligula, et pulvinar mi placerat"
19,et. Nulla nec nunc sit amet nunc posuere vestibulum. Ut id neque eget tortor mattis
19,"tristique. Donec ante est, blandit sit amet tristique vel, lacinia pulvinar arcu. Pellentesque"
19,"scelerisque fermentum erat, id posuere justo pulvinar ut. Cras id eros sed enim aliquam"
19,"lobortis. Sed lobortis nisl ut eros efficitur tincidunt. Cras justo mi, porttitor quis mattis vel,"
19,ultricies ut purus. Ut facilisis et lacus eu cursus.
19,In eleifend velit vitae libero sollicitudin euismod. 
19,Fusce vitae vestibulum velit. Pellentesque vulputate lectus quis pellentesque commodo.
19,Aliquam  erat volutpat.  Vestibulum  in  egestas  velit. Pellentesque  fermentum nisl  vitae
19,fringilla  venenatis.  Etiam  id  mauris  vitae  orci  maximus  ultricies.  Cras  fringilla  ipsum
19,"magna, in fringilla dui commodo a."
20,"Etiam vehicula luctus fermentum. In vel metus congue, pulvinar lectus vel, fermentum dui."
20,"Maecenas ante orci, egestas ut aliquet sit amet, sagittis a magna. Aliquam ante quam,"
20,"pellentesque ut dignissim quis, laoreet eget est. Aliquam erat volutpat. Class aptent taciti"
20,"sociosqu ad litora torquent per conubia nosatra, per inceptos himenaeos. Ut ullamcorper"
20,"justo sapien, in cursus libero viverra eget. Vivamus auctor imperdiet urna, at pulvinar leo"
20,"posuere laoreet. Suspendisse neque nisl, fringilla at iaculis scelerisque, ornare vel dolor. Ut"
20,et  pulvinar  nunc.  Pellentesque  fringilla  mollis  efficitur.  Nullam  venenatis  commodo
20,"imperdiet. Morbi velit neque, semper quis lorem quis, efficitur dignissim ipsum. Ut ac lorem"
20,sed turpis imperdiet eleifend sit amet id sapien.
21,Lorem ipsum 
21,"Lorem ipsum dolor sit amet, consectetur adipiscing "
21,elit. Nunc ac faucibus odio. 
21,"Vestibulum neque massa, scelerisque sit amet ligula eu, congue molestie mi. Praesent ut"
21,"varius sem. Nullam at porttitor arcu, nec lacinia nisi. Ut ac dolor vitae odio interdum"
21,"condimentum.   Vivamus  dapibus  sodales  ex,  vitae  malesuada  ipsum  cursus"
21,"convallis. Maecenas sed egestas nulla, ac condimentum orci.   Mauris diam felis,"
21,"vulputate ac suscipit et, iaculis non est. Curabitur semper arcu ac ligula semper, nec luctus"
21,"nisl blandit. Integer lacinia ante ac libero lobortis imperdiet. Nullam mollis convallis ipsum,"
21,ac accumsan nunc vehicula vitae. Nulla eget justo in felis tristique fringilla. Morbi sit amet
21,tortor quis risus auctor condimentum. Morbi in ullamcorper elit. Nulla iaculis tellus sit amet
21,mauris tempus fringilla.
21,"Maecenas mauris lectus, lobortis et purus mattis, blandit dictum tellus."
21,
21,Maecenas non lorem quis tellus placerat varius. 
21,
21,Nulla facilisi. 
21,
21,Aenean congue fringilla justo ut aliquam. 
21,
21,"Mauris id ex erat. Nunc vulputate neque vitae justo facilisis, non condimentum ante"
21,sagittis. 
21,
21,Morbi viverra semper lorem nec molestie. 
21,
21,"Maecenas tincidunt est efficitur ligula euismod, sit amet ornare est vulputate."
21,Row 1
21,Row 2
21,Row 3
21,Row 4
21,0
21,2
21,4
21,6
21,8
21,10
21,12
21,Column 1
21,Column 2
21,Column 3
22,"In non mauris justo. Duis vehicula mi vel mi pretium, a viverra erat efficitur. Cras aliquam"
22,"est ac eros varius, id iaculis dui auctor. Duis pretium neque ligula, et pulvinar mi placerat"
22,et. Nulla nec nunc sit amet nunc posuere vestibulum. Ut id neque eget tortor mattis
22,"tristique. Donec ante est, blandit sit amet tristique vel, lacinia pulvinar arcu. Pellentesque"
22,"scelerisque fermentum erat, id posuere justo pulvinar ut. Cras id eros sed enim aliquam"
22,"lobortis. Sed lobortis nisl ut eros efficitur tincidunt. Cras justo mi, porttitor quis mattis vel,"
22,ultricies ut purus. Ut facilisis et lacus eu cursus.
22,In eleifend velit vitae libero sollicitudin euismod. Fusce vitae vestibulum velit. Pellentesque
22,vulputate lectus quis pellentesque commodo. Aliquam erat volutpat. Vestibulum in egestas
22,velit. Pellentesque fermentum nisl vitae fringilla venenatis. Etiam id mauris vitae orci
22,maximus ultricies. 
22,"Cras fringilla ipsum magna, in fringilla dui commodo "
22,a.
22,Lorem ipsum
22,Lorem ipsum
22,Lorem ipsum
22,1
22,In eleifend velit vitae libero sollicitudin euismod.
22,Lorem
22,2
22,"Cras fringilla ipsum magna, in fringilla dui commodo"
22,a.
22,Ipsum
22,3
22,Aliquam erat volutpat. 
22,Lorem
22,4
22,Fusce vitae vestibulum velit. 
22,Lorem
22,5
22,Etiam vehicula luctus fermentum.
22,Ipsum
22,"Etiam vehicula luctus fermentum. In vel metus congue, pulvinar lectus vel, fermentum dui."
22,"Maecenas ante orci, egestas ut aliquet sit amet, sagittis a magna. Aliquam ante quam,"
22,"pellentesque ut dignissim quis, laoreet eget est. Aliquam erat volutpat. Class aptent taciti"
22,"sociosqu ad litora torquent per conubia nostra, per inceptos himenaeos. Ut ullamcorper"
22,"justo sapien, in cursus libero viverra eget. Vivamus auctor imperdiet urna, at pulvinar leo"
22,"posuere laoreet. Suspendisse neque nisl, fringilla at iaculis scelerisque, ornare vel dolor. Ut"
22,et  pulvinar  nunc.  Pellentesque  fringilla  mollis  efficitur.  Nullam  venenatis  commodo
22,"imperdiet. Morbi velit neque, semper quis lorem quis, efficitur dignissim ipsum. Ut ac lorem"
22,sed turpis imperdiet eleifend sit amet id sapien.
23,"Lorem ipsum dolor sit amet, consectetur adipiscing "
23,elit. 
23,"Nunc ac faucibus odio. Vestibulum neque massa, scelerisque sit amet ligula eu, congue"
23,"molestie mi. Praesent ut varius sem. Nullam at porttitor arcu, nec lacinia nisi. Ut ac dolor"
23,"vitae odio interdum condimentum. Vivamus dapibus sodales ex, vitae malesuada ipsum"
23,"cursus convallis. Maecenas sed egestas nulla, ac condimentum orci. Mauris diam felis,"
23,"vulputate ac suscipit et, iaculis non est. Curabitur semper arcu ac ligula semper, nec luctus"
23,"nisl blandit. Integer lacinia ante ac libero lobortis imperdiet. Nullam mollis convallis ipsum,"
23,ac accumsan nunc vehicula vitae. Nulla eget justo in felis tristique fringilla. Morbi sit amet
23,tortor quis risus auctor condimentum. Morbi in ullamcorper elit. Nulla iaculis tellus sit amet
23,mauris tempus fringilla.
23,"Maecenas mauris lectus, lobortis et purus mattis, blandit "
23,dictum tellus. 
23,Maecenas non lorem quis tellus placerat varius. Nulla facilisi. Aenean congue fringilla justo
23,"ut aliquam. Mauris id ex erat. Nunc vulputate neque vitae justo facilisis, non condimentum"
23,ante sagittis. Morbi viverra semper lorem nec molestie. Maecenas tincidunt est efficitur
23,"ligula euismod, sit amet ornare est vulputate."
23,"In non mauris justo. Duis vehicula mi vel mi pretium, a viverra erat efficitur. Cras aliquam"
23,"est ac eros varius, id iaculis dui auctor. Duis pretium neque ligula, et pulvinar mi placerat"
23,et. Nulla nec nunc sit amet nunc posuere vestibulum. Ut id neque eget tortor mattis
23,"tristique. Donec ante est, blandit sit amet tristique vel, lacinia pulvinar arcu. Pellentesque"
23,"scelerisque fermentum erat, id posuere justo pulvinar ut. Cras id eros sed enim aliquam"
23,"lobortis. Sed lobortis nisl ut eros efficitur tincidunt. Cras justo mi, porttitor quis mattis vel,"
23,ultricies ut purus. Ut facilisis et lacus eu cursus.
23,In eleifend velit vitae libero sollicitudin euismod. 
23,Fusce vitae vestibulum velit. Pellentesque vulputate lectus quis pellentesque commodo.
23,Aliquam  erat volutpat.  Vestibulum  in  egestas  velit. Pellentesque  fermentum nisl  vitae
23,fringilla  venenatis.  Etiam  id  mauris  vitae  orci  maximus  ultricies.  Cras  fringilla  ipsum
23,"magna, in fringilla dui commodo a."
23,"Etiam vehicula luctus fermentum. In vel metus congue, pulvinar lectus vel, fermentum dui."
23,"Maecenas ante orci, egestas ut aliquet sit amet, sagittis a magna. Aliquam ante quam,"
23,"pellentesque ut dignissim quis, laoreet eget est. Aliquam erat volutpat. Class aptent taciti"
23,"sociosqu ad litora torquent per conubia nostra, per inceptos himenaeos. Ut ullamcorper"
23,"justo sapien, in cursus libero viverra eget. Vivamus auctor imperdiet urna, at pulvinar leo"
23,"posuere laoreet. Suspendisse neque nisl, fringilla at iaculis scelerisque, ornare vel dolor. Ut"
23,et  pulvinar  nunc.  Pellentesque  fringilla  mollis  efficitur.  Nullam  venenatis  commodo
23,"imperdiet. Morbi velit neque, semper quis lorem quis, efficitur dignissim ipsum. Ut ac lorem"
23,sed turpis imperdiet eleifend sit amet id sapien.
24,"Maecenas mauris lectus, lobortis et purus mattis, blandit "
24,dictum tellus. 
24,Maecenas non lorem quis tellus placerat varius. Nulla facilisi. Aenean congue fringilla justo
24,"ut aliquam. Mauris id ex erat. Nunc vulputate neque vitae justo facilisis, non condimentum"
24,ante sagittis. Morbi viverra semper lorem nec molestie. Maecenas tincidunt est efficitur
24,"ligula euismod, sit amet ornare est vulputate."
24,"In non mauris justo. Duis vehicula mi vel mi pretium, a viverra erat efficitur. Cras aliquam"
24,"est ac eros varius, id iaculis dui auctor. Duis pretium neque ligula, et pulvinar mi placerat"
24,et. Nulla nec nunc sit amet nunc posuere vestibulum. Ut id neque eget tortor mattis
24,"tristique. Donec ante est, blandit sit amet tristique vel, lacinia pulvinar arcu. Pellentesque"
24,"scelerisque fermentum erat, id posuere justo pulvinar ut. Cras id eros sed enim aliquam"
24,"lobortis. Sed lobortis nisl ut eros efficitur tincidunt. Cras justo mi, porttitor quis mattis vel,"
24,ultricies ut purus. Ut facilisis et lacus eu cursus.
24,In eleifend velit vitae libero sollicitudin euismod. 
24,Fusce vitae vestibulum velit. Pellentesque vulputate lectus quis pellentesque commodo.
24,Aliquam  erat volutpat.  Vestibulum  in  egestas  velit. Pellentesque  fermentum nisl  vitae
24,fringilla  venenatis.  Etiam  id  mauris  vitae  orci  maximus  ultricies.  Cras  fringilla  ipsum
24,"magna, in fringilla dui commodo a."
25,"Etiam vehicula luctus fermentum. In vel metus congue, pulvinar lectus vel, fermentum dui."
25,"Maecenas ante orci, egestas ut aliquet sit amet, sagittis a magna. Aliquam ante quam,"
25,"pellentesque ut dignissim quis, laoreet eget est. Aliquam erat volutpat. Class aptent taciti"
25,"sociosqu ad litora torquent per conubia nosatra, per inceptos himenaeos. Ut ullamcorper"
25,"justo sapien, in cursus libero viverra eget. Vivamus auctor imperdiet urna, at pulvinar leo"
25,"posuere laoreet. Suspendisse neque nisl, fringilla at iaculis scelerisque, ornare vel dolor. Ut"
25,et  pulvinar  nunc.  Pellentesque  fringilla  mollis  efficitur.  Nullam  venenatis  commodo
25,"imperdiet. Morbi velit neque, semper quis lorem quis, efficitur dignissim ipsum. Ut ac lorem"
25,sed turpis imperdiet eleifend sit amet id sapien.
26,Lorem ipsum 
26,"Lorem ipsum dolor sit amet, consectetur adipiscing "
26,elit. Nunc ac faucibus odio. 
26,"Vestibulum neque massa, scelerisque sit amet ligula eu, congue molestie mi. Praesent ut"
26,"varius sem. Nullam at porttitor arcu, nec lacinia nisi. Ut ac dolor vitae odio interdum"
26,"condimentum.   Vivamus  dapibus  sodales  ex,  vitae  malesuada  ipsum  cursus"
26,"convallis. Maecenas sed egestas nulla, ac condimentum orci.   Mauris diam felis,"
26,"vulputate ac suscipit et, iaculis non est. Curabitur semper arcu ac ligula semper, nec luctus"
26,"nisl blandit. Integer lacinia ante ac libero lobortis imperdiet. Nullam mollis convallis ipsum,"
26,ac accumsan nunc vehicula vitae. Nulla eget justo in felis tristique fringilla. Morbi sit amet
26,tortor quis risus auctor condimentum. Morbi in ullamcorper elit. Nulla iaculis tellus sit amet
26,mauris tempus fringilla.
26,"Maecenas mauris lectus, lobortis et purus mattis, blandit dictum tellus."
26,
26,Maecenas non lorem quis tellus placerat varius. 
26,
26,Nulla facilisi. 
26,
26,Aenean congue fringilla justo ut aliquam. 
26,
26,"Mauris id ex erat. Nunc vulputate neque vitae justo facilisis, non condimentum ante"
26,sagittis. 
26,
26,Morbi viverra semper lorem nec molestie. 
26,
26,"Maecenas tincidunt est efficitur ligula euismod, sit amet ornare est vulputate."
26,Row 1
26,Row 2
26,Row 3
26,Row 4
26,0
26,2
26,4
26,6
26,8
26,10
26,12
26,Column 1
26,Column 2
26,Column 3
27,"In non mauris justo. Duis vehicula mi vel mi pretium, a viverra erat efficitur. Cras aliquam"
27,"est ac eros varius, id iaculis dui auctor. Duis pretium neque ligula, et pulvinar mi placerat"
27,et. Nulla nec nunc sit amet nunc posuere vestibulum. Ut id neque eget tortor mattis
27,"tristique. Donec ante est, blandit sit amet tristique vel, lacinia pulvinar arcu. Pellentesque"
27,"scelerisque fermentum erat, id posuere justo pulvinar ut. Cras id eros sed enim aliquam"
27,"lobortis. Sed lobortis nisl ut eros efficitur tincidunt. Cras justo mi, porttitor quis mattis vel,"
27,ultricies ut purus. Ut facilisis et lacus eu cursus.
27,In eleifend velit vitae libero sollicitudin euismod. Fusce vitae vestibulum velit. Pellentesque
27,vulputate lectus quis pellentesque commodo. Aliquam erat volutpat. Vestibulum in egestas
27,velit. Pellentesque fermentum nisl vitae fringilla venenatis. Etiam id mauris vitae orci
27,maximus ultricies. 
27,"Cras fringilla ipsum magna, in fringilla dui commodo "
27,a.
27,Lorem ipsum
27,Lorem ipsum
27,Lorem ipsum
27,1
27,In eleifend velit vitae libero sollicitudin euismod.
27,Lorem
27,2
27,"Cras fringilla ipsum magna, in fringilla dui commodo"
27,a.
27,Ipsum
27,3
27,Aliquam erat volutpat. 
27,Lorem
27,4
27,Fusce vitae vestibulum velit. 
27,Lorem
27,5
27,Etiam vehicula luctus fermentum.
27,Ipsum
27,"Etiam vehicula luctus fermentum. In vel metus congue, pulvinar lectus vel, fermentum dui."
27,"Maecenas ante orci, egestas ut aliquet sit amet, sagittis a magna. Aliquam ante quam,"
27,"pellentesque ut dignissim quis, laoreet eget est. Aliquam erat volutpat. Class aptent taciti"
27,"sociosqu ad litora torquent per conubia nostra, per inceptos himenaeos. Ut ullamcorper"
27,"justo sapien, in cursus libero viverra eget. Vivamus auctor imperdiet urna, at pulvinar leo"
27,"posuere laoreet. Suspendisse neque nisl, fringilla at iaculis scelerisque, ornare vel dolor. Ut"
27,et  pulvinar  nunc.  Pellentesque  fringilla  mollis  efficitur.  Nullam  venenatis  commodo
27,"imperdiet. Morbi velit neque, semper quis lorem quis, efficitur dignissim ipsum. Ut ac lorem"
27,sed turpis imperdiet eleifend sit amet id sapien.
28,"Lorem ipsum dolor sit amet, consectetur adipiscing "
28,elit. 
28,"Nunc ac faucibus odio. Vestibulum neque massa, scelerisque sit amet ligula eu, congue"
28,"molestie mi. Praesent ut varius sem. Nullam at porttitor arcu, nec lacinia nisi. Ut ac dolor"
28,"vitae odio interdum condimentum. Vivamus dapibus sodales ex, vitae malesuada ipsum"
28,"cursus convallis. Maecenas sed egestas nulla, ac condimentum orci. Mauris diam felis,"
28,"vulputate ac suscipit et, iaculis non est. Curabitur semper arcu ac ligula semper, nec luctus"
28,"nisl blandit. Integer lacinia ante ac libero lobortis imperdiet. Nullam mollis convallis ipsum,"
28,ac accumsan nunc vehicula vitae. Nulla eget justo in felis tristique fringilla. Morbi sit amet
28,tortor quis risus auctor condimentum. Morbi in ullamcorper elit. Nulla iaculis tellus sit amet
28,mauris tempus fringilla.
28,"Maecenas mauris lectus, lobortis et purus mattis, blandit "
28,dictum tellus. 
28,Maecenas non lorem quis tellus placerat varius. Nulla facilisi. Aenean congue fringilla justo
28,"ut aliquam. Mauris id ex erat. Nunc vulputate neque vitae justo facilisis, non condimentum"
28,ante sagittis. Morbi viverra semper lorem nec molestie. Maecenas tincidunt est efficitur
28,"ligula euismod, sit amet ornare est vulputate."
28,"In non mauris justo. Duis vehicula mi vel mi pretium, a viverra erat efficitur. Cras aliquam"
28,"est ac eros varius, id iaculis dui auctor. Duis pretium neque ligula, et pulvinar mi placerat"
28,et. Nulla nec nunc sit amet nunc posuere vestibulum. Ut id neque eget tortor mattis
28,"tristique. Donec ante est, blandit sit amet tristique vel, lacinia pulvinar arcu. Pellentesque"
28,"scelerisque fermentum erat, id posuere justo pulvinar ut. Cras id eros sed enim aliquam"
28,"lobortis. Sed lobortis nisl ut eros efficitur tincidunt. Cras justo mi, porttitor quis mattis vel,"
28,ultricies ut purus. Ut facilisis et lacus eu cursus.
28,In eleifend velit vitae libero sollicitudin euismod. 
28,Fusce vitae vestibulum velit. Pellentesque vulputate lectus quis pellentesque commodo.
28,Aliquam  erat volutpat.  Vestibulum  in  egestas  velit. Pellentesque  fermentum nisl  vitae
28,fringilla  venenatis.  Etiam  id  mauris  vitae  orci  maximus  ultricies.  Cras  fringilla  ipsum
28,"magna, in fringilla dui commodo a."
28,"Etiam vehicula luctus fermentum. In vel metus congue, pulvinar lectus vel, fermentum dui."
28,"Maecenas ante orci, egestas ut aliquet sit amet, sagittis a magna. Aliquam ante quam,"
28,"pellentesque ut dignissim quis, laoreet eget est. Aliquam erat volutpat. Class aptent taciti"
28,"sociosqu ad litora torquent per conubia nostra, per inceptos himenaeos. Ut ullamcorper"
28,"justo sapien, in cursus libero viverra eget. Vivamus auctor imperdiet urna, at pulvinar leo"
28,"posuere laoreet. Suspendisse neque nisl, fringilla at iaculis scelerisque, ornare vel dolor. Ut"
28,et  pulvinar  nunc.  Pellentesque  fringilla  mollis  efficitur.  Nullam  venenatis  commodo
28,"imperdiet. Morbi velit neque, semper quis lorem quis, efficitur dignissim ipsum. Ut ac lorem"
28,sed turpis imperdiet eleifend sit amet id sapien.
29,"Maecenas mauris lectus, lobortis et purus mattis, blandit "
29,dictum tellus. 
29,Maecenas non lorem quis tellus placerat varius. Nulla facilisi. Aenean congue fringilla justo
29,"ut aliquam. Mauris id ex erat. Nunc vulputate neque vitae justo facilisis, non condimentum"
29,ante sagittis. Morbi viverra semper lorem nec molestie. Maecenas tincidunt est efficitur
29,"ligula euismod, sit amet ornare est vulputate."
29,"In non mauris justo. Duis vehicula mi vel mi pretium, a viverra erat efficitur. Cras aliquam"
29,"est ac eros varius, id iaculis dui auctor. Duis pretium neque ligula, et pulvinar mi placerat"
29,et. Nulla nec nunc sit amet nunc posuere vestibulum. Ut id neque eget tortor mattis
29,"tristique. Donec ante est, blandit sit amet tristique vel, lacinia pulvinar arcu. Pellentesque"
29,"scelerisque fermentum erat, id posuere justo pulvinar ut. Cras id eros sed enim aliquam"
29,"lobortis. Sed lobortis nisl ut eros efficitur tincidunt. Cras justo mi, porttitor quis mattis vel,"
29,ultricies ut purus. Ut facilisis et lacus eu cursus.
29,In eleifend velit vitae libero sollicitudin euismod. 
29,Fusce vitae vestibulum velit. Pellentesque vulputate lectus quis pellentesque commodo.
29,Aliquam  erat volutpat.  Vestibulum  in  egestas  velit. Pellentesque  fermentum nisl  vitae
29,fringilla  venenatis.  Etiam  id  mauris  vitae  orci  maximus  ultricies.  Cras  fringilla  ipsum
29,"magna, in fringilla dui commodo a."
30,"Etiam vehicula luctus fermentum. In vel metus congue, pulvinar lectus vel, fermentum dui."
30,"Maecenas ante orci, egestas ut aliquet sit amet, sagittis a magna. Aliquam ante quam,"
30,"pellentesque ut dignissim quis, laoreet eget est. Aliquam erat volutpat. Class aptent taciti"
30,"sociosqu ad litora torquent per conubia nosatra, per inceptos himenaeos. Ut ullamcorper"
30,"justo sapien, in cursus libero viverra eget. Vivamus auctor imperdiet urna, at pulvinar leo"
30,"posuere laoreet. Suspendisse neque nisl, fringilla at iaculis scelerisque, ornare vel dolor. Ut"
30,et  pulvinar  nunc.  Pellentesque  fringilla  mollis  efficitur.  Nullam  venenatis  commodo
30,"imperdiet. Morbi velit neque, semper quis lorem quis, efficitur dignissim ipsum. Ut ac lorem"
30,sed turpis imperdiet eleifend sit amet id sapien.
